<?xml version="1.0" encoding="UTF-8"?>
<project-private xmlns="http://www.netbeans.org/ns/project-private/1">
    <editor-bookmarks xmlns="http://www.netbeans.org/ns/editor-bookmarks/2" lastBookmarkId="1">
        <file>
            <url>src/PodwysockiCMS/AdminBundle/Resources/views/AdminDashobardMain/login.html.twig</url>
            <bookmark id="1">
                <name/>
                <line>1</line>
                <key/>
            </bookmark>
        </file>
    </editor-bookmarks>
    <open-files xmlns="http://www.netbeans.org/ns/projectui-open-files/2">
        <group>
            <file>file:/var/www/html/podwysockiCMS/src/PodwysockiCMS/AdminBundle/Resources/views/AdminDashobard/dashboard-nav/topNavigation.html.twig</file>
            <file>file:/var/www/html/podwysockiCMS/src/PodwysockiCMS/AdminBundle/Controller/AdminDashobardPagesController.php</file>
            <file>file:/var/www/html/podwysockiCMS/src/PodwysockiCMS/AdminBundle/Entity/Category.php</file>
            <file>file:/var/www/html/podwysockiCMS/src/PodwysockiCMS/AdminBundle/Resources/views/AdminDashobard/dashboard-pages/main.html.twig</file>
            <file>file:/var/www/html/podwysockiCMS/src/PodwysockiCMS/AdminBundle/Resources/views/AdminDashobard/dashboard-pages/pages.html.twig</file>
            <file>file:/var/www/html/podwysockiCMS/src/PodwysockiCMS/AdminBundle/Resources/views/AdminDashobard/dashboard-nav/leftNavigation.html.twig</file>
            <file>file:/var/www/html/podwysockiCMS/src/PodwysockiCMS/AdminBundle/Entity/Role.php</file>
            <file>file:/var/www/html/podwysockiCMS/src/PodwysockiCMS/AdminBundle/Resources/views/AdminDashobard/base.html.twig</file>
            <file>file:/var/www/html/podwysockiCMS/src/PodwysockiCMS/AdminBundle/Resources/config/routing.yml</file>
            <file>file:/var/www/html/podwysockiCMS/src/PodwysockiCMS/AdminBundle/Controller/AdminDashobardMainController.php</file>
            <file>file:/var/www/html/podwysockiCMS/src/PodwysockiCMS/AdminBundle/Entity/Page.php</file>
            <file>file:/var/www/html/podwysockiCMS/src/PodwysockiCMS/AdminBundle/Entity/User.php</file>
        </group>
    </open-files>
</project-private>
